55HCU202128,Supreme
55HCU202129,County
55HCU220133,Jolimont
55HCU212127,Hyatt
55HCU220124,Jolimont
55HCU212133,Regency
55HCU215132,Princes Theatre
55HCU221125,Jolimont
55HCU203126,RACV
55HCU208123,Banks
55HCU205139,Queensberry
55HCU209129,Spencer
55HCU199123,County
55HCU202137,Victoria Market
55HCU200122,Rialto
55HCU202123,Rialto
55HCU201139,Courtney
55HCU206138,Queensberry
55HCU212127,Regency
55HCU203110,Hardware
55HCU208117,Southbank
55HCU211131,Chinatown
55HCU201129,Magistrates
55HCU203134,Victoria Market
55HCU204130,Banks
55HCU201126,Titles
55HCU210115,Southbank
55HCU202128,Queensberry
55HCU207126,Banks
55HCU204127,Titles
55HCU200140,Queensberry
55HCU196137,Queensberry
55HCU201135,Victoria Market
55HCU215103,The Mac
55HCU205108,Southbank
55HCU203139,Degraves
55HCU208125,Banks
55HCU210126,City Square
55HCU200130,Titles
55HCU213131,Princes Theatre
55HCU202132,Titles
55HCU205123,Tavistock
55HCU204126,RACV
55HCU201138,Courtney
55HCU209130,Chinatown
55HCU207114,Southbank
55HCU198125,Spencer
55HCU198134,Queensberry
55HCU200126,Docklands
55HCU208127,Chinatown
55HCU211113,Southbank
55HCU218131,Hyatt
55HCU195131,West Melbourne
55HCU198124,Docklands
55HCU213128,Spencer
55HCU196138,Queensberry
55HCU213110,Southbank
55HCU203135,Victoria Market
55HCU211115,Southbank
55HCU224135,Hardware
55HCU203138,Courtney
55HCU196130,West Melbourne
55HCU202127,Banks
55HCU213118,Southbank
55HCU204134,Banks
55HCU206117,Southbank
55HCU197127,Spencer
55HCU198140,Queensberry
55HCU209112,Southbank
55HCU206125,Family
55HCU196138,Titles
55HCU214116,Southbank
55HCU193140,Queensberry
55HCU212112,Southbank
55HCU198124,Spencer
55HCU194137,Queensberry
55HCU205133,The Mac
55HCU200138,Courtney
55HCU197133,Queensberry
55HCU208129,Spencer
55HCU189140,Queensberry
55HCU193141,Courtney
55HCU208118,Southbank
55HCU195137,Queensberry
55HCU203136,Victoria Market
55HCU206123,Banks
55HCU198130,West Melbourne
55HCU196129,West Melbourne
55HCU204148,University
55HCU210141,Drummond
55HCU198136,Courtney
55HCU279233,Titles
55HCU209134,Magistrates
55HCU192124,Docklands
55HCU201123,Docklands
55HCU202131,Docklands
55HCU198125,Docklands
55HCU193122,Docklands
55HCU194121,Docklands
55HCU195121,Docklands
55HCU194122,Docklands
55HCU196121,Docklands
55HCU196119,Docklands
55HCU195122,Docklands
55HCU195119,Docklands
55HCU195120,Docklands
55HCU192120,Docklands
55HCU191120,Docklands
55HCU190121,Docklands
55HCU191121,Docklands
55HCU190122,Docklands
55HCU189128,Docklands
55HCU189120,Docklands
55HCU189121,Docklands
55HCU186129,Docklands
55HCU187128,Docklands
55HCU188128,Docklands
55HCU187127,Docklands
55HCU186127,Docklands
55HCU185129,Docklands
55HCU185127,Docklands
55HCU184125,Docklands
55HCU184126,Docklands
55HCU183129,Docklands
