55HCU2013,The Mac
55HCU2113,Regency
55HCU2112,Hyatt
55HCU1812,Docklands
55HCU2012,Hardware
55HCU2113,Jolimont
55HCU1912,Docklands
55HCU2013,Victoria Market
55HCU2013,Princes Theatre
55HCU2112,Regency
55HCU2013,Magistrates
55HCU2113,Chinatown
55HCU2012,Rialto
55HCU1913,West Melbourne
55HCU2013,Courtney
55HCU2017,Jolimont
55HCU2012,Queensberry
55HCU2012,County
55HCU2013,Supreme
55HCU2012,City Square
55HCU2014,Queensberry
55HCU2013,Hardware
55HCU2012,Hyatt
55HCU2010,Southbank
55HCU1912,Spencer
55HCU2112,Princes Theatre
55HCU1913,Queensberry
55HCU2013,Banks
55HCU2111,Southbank
55HCU2114,University
55HCU2012,Chinatown
55HCU2012,Courtney
55HCU2013,Titles
55HCU1913,County
55HCU1913,Courtney
55HCU2012,Banks
55HCU2013,Chinatown
55HCU3213,Titles
55HCU1913,Rialto
55HCU2011,Southbank
55HCU2413,Queensberry
55HCU2113,Hyatt
55HCU2011,Jolimont
55HCU2012,RACV
55HCU2212,Jolimont
55HCU2013,Regency
55HCU1912,County
55HCU2012,Princes Theatre
55HCU2213,Jolimont
55HCU2012,Docklands
55HCU1913,Docklands
55HCU2210,Queensberry
55HCU2013,County
55HCU2012,Spencer
55HCU2113,City Square
55HCU2014,Drummond
55HCU2113,Princes Theatre
55HCU1913,Magistrates
55HCU2012,Titles
55HCU2013,RACV
55HCU2014,Courtney
55HCU1914,Queensberry
55HCU1912,Magistrates
55HCU3213,The Mac
55HCU1911,Docklands
55HCU2614,Courtney
55HCU2312,Rialto
55HCU2115,Jolimont
55HCU2012,Tavistock
55HCU4802,Docklands
55HCU1912,West Melbourne
55HCU1814,Queensberry
55HCU1312,Spencer
55HCU2013,Docklands
